{"branches": 57.692307692307686, "coverage": 81.08108108108108}