{"branches": 58.82352941176471, "coverage": 83.22188449848025}